TrainId,Timestamp,TrackId,Speed,Direction
TRN-101,2026-09-25T08:00:00,TRK-A,45.5,NORTH
TRN-102,2026-09-25T08:00:01,TRK-A,50,NORTH
TRN-103,2026-09-25T08:00:02,TRK-B,80,EAST
TRN-104,2026-09-25T08:00:03,TRK-B,40,WEST
TRN-ERR,invalid_time,TRK-C,50,WEST
TRN-105,2026-09-25T08:00:05,TRK-A,-10,NORTH
TRN-106,2026-09-25T08:00:06,TRK-B,60,INVALID_DIR
TRN-101,2026-09-25T08:00:00,TRK-A,45.5,NORTH
TRN-1,2026-09-25T10:00:00,TRK-A,50,NORTH
TRN-2,bad_date_format,TRK-B,60,SOUTH
TRN-3,2026-09-25T10:02:00,TRK-C,-5,EAST
TRN-4,2026-09-25T10:03:00,TRK-D,70,SIDEWAYS
,2026-09-25T10:04:00,TRK-E,80,WEST
TRN-5,2026-09-25T10:05:00,TRK-B,80,WEST
